<?xml version="1.0" encoding="utf-8"?>
<mosinstall version="4.5.2" type="mambot" group="content">
   <name>a6flashmambot</name>
   <author>Bob de Wit</author>
   <creationDate>2006-09-06</creationDate>
   <copyright>(C) 2004-2005 active6</copyright>
   <license>http://www.gnu.org/copyleft/gpl.html GNU/GPL</license>
   <authorEmail>bob@active6.com</authorEmail>
   <authorUrl>www.active6.com</authorUrl>
   <version>1.3</version>
   <description>zengrong.net 2006-09-06 基于1.2版本修改，使用swfobject1.42加载Flash文件，支持所有的swfobject参数  用法：{flash file="filename.swf" width="200" height= "100" align="left" bgcolor="FFFFFF" base="images/flash/ quality="best" play="true" loop="true" menu="false" useExpressInstall="true" version="9" FlashVars="x=1 ; y=2 ; z=3"}</description>
   <files>
       <filename mambot="swfobject">swfobject.js</filename>
	   <filename mambot="a6flashmambot">a6flashmambot.php</filename>
   </files>
   <params>
      <param name="path" type="text" default="images/stories/" size="30" label="路径" description="Flash文件所在目录" />
      <param name="quality" type="list" default="high" size="40" label="质量" description="Flash文件显示质量">
         <option value="best">最高:最高的显示质量，不考虑速度</option>
         <option value="high">高:高质量，全部抗锯齿显示</option>
         <option value="medium">中等:抗锯齿显示，但不平滑位图</option>
         <option value="autohigh">质量优先:平等对待质量和速度</option>
         <option value="autolow">速度优先:优先考虑影片播放速度</option>
         <option value="low">低:播放速度最快</option>
      </param>
      <param name="align" type="list" default="left" size="10" label="对齐" description="The alignment of the movie">
         <option value="left">左</option>
         <option value="right">右</option>
         <option value="center">中</option>
      </param>
      <param name="play" type="list" default="true" size="10" label="播放" description="Start playing the movie">
         <option value="true">是</option>
         <option value="false">否</option>
      </param>   
      <param name="loop" type="list" default="true" size="10" label="循环" description="Loop the movie">
         <option value="true">是</option>
         <option value="false">否</option>
      </param>     
      <param name="menu" type="list" default="false" size="10" label="菜单" description="Show the Flash player menu">
         <option value="true">是</option>
         <option value="false">否</option>
      </param>
	  <param name="version" type="list" default="7" size="10" label="播放器版本" description="Show the Flash player menu">
		 <option value="6">6</option>
         <option value="7">7</option>
         <option value="8">8</option>
         <option value="9">9</option>
      </param> 
   </params>  
</mosinstall>
 
